{
  "train_loss": [
    1.5839583149978094,
    1.1270596353071076,
    0.997550721679415,
    0.9254576766065189,
    0.8676000663212368,
    0.8729070542114121,
    0.8022536230938775,
    0.8398675130946296,
    0.7661158596830708,
    0.7381100047911916,
    0.757389027093138,
    0.731105414884431,
    0.7077951415308884,
    0.6806704550981522,
    0.6687962098845414,
    0.6760915123990604,
    0.6894214233117444,
    0.6838753979120936,
    0.6836966866893428,
    0.6523100659251213,
    0.6448218327547822,
    0.7017027150307383,
    0.6927207256002086,
    0.659323056361505,
    0.6526518474732127,
    0.6330765033406871,
    0.6323815642723015,
    0.6770362183451653,
    0.6719902540956225,
    0.6180284358561039
  ],
  "train_acc": [
    0.3951384963256077,
    0.6048615036743923,
    0.6540418315432448,
    0.6800452232899944,
    0.6998304126625212,
    0.6913510457885811,
    0.7388355002826456,
    0.6941775014132278,
    0.7348784624081401,
    0.7382702091577162,
    0.7201808931599774,
    0.7309214245336348,
    0.7416619559072922,
    0.742792538157151,
    0.7603165630299604,
    0.7659694742792538,
    0.7484454494064443,
    0.7631430186546071,
    0.7574901074053138,
    0.752967778405879,
    0.7744488411531939,
    0.7524024872809497,
    0.751271905031091,
    0.7637083097795364,
    0.7738835500282646,
    0.7767100056529113,
    0.7806670435274167,
    0.7693612210288299,
    0.7665347654041832,
    0.7829282080271339
  ],
  "val_loss": [
    1.2976877291997273,
    1.0596628586451213,
    1.026765614748001,
    1.0029282321532567,
    0.9595406005779902,
    0.9323487877845764,
    0.9811041553815206,
    0.9038076847791672,
    0.8620934138695399,
    0.872169683376948,
    0.8825256526470184,
    0.8930073529481888,
    0.8701145748297373,
    0.8578811635573705,
    0.8503046085437139,
    0.838967482248942,
    0.8493851522604624,
    0.8680389175812403,
    0.851016124089559,
    0.8116804659366608,
    0.8133004556099573,
    0.8178456525007883,
    0.8246739308039347,
    0.8270092755556107,
    0.8096177677313486,
    0.8052332053581873,
    0.8386259973049164,
    0.8292107234398524,
    0.8336218247810999,
    0.8440362413724264
  ],
  "val_acc": [
    0.49076517150395776,
    0.6517150395778364,
    0.6147757255936676,
    0.6253298153034301,
    0.6253298153034301,
    0.6437994722955145,
    0.6279683377308707,
    0.6437994722955145,
    0.6701846965699209,
    0.6517150395778364,
    0.6886543535620053,
    0.6754617414248021,
    0.6517150395778364,
    0.6596306068601583,
    0.6464379947229552,
    0.6569920844327177,
    0.6781002638522428,
    0.6411609498680739,
    0.6701846965699209,
    0.6939313984168866,
    0.6754617414248021,
    0.6860158311345647,
    0.6807387862796834,
    0.6781002638522428,
    0.6912928759894459,
    0.7044854881266491,
    0.6781002638522428,
    0.6965699208443272,
    0.6886543535620053,
    0.662269129287599
  ],
  "learning_rates": [
    0.001,
    0.001,
    0.001,
    0.001,
    0.001,
    0.001,
    0.001,
    0.001,
    0.001,
    0.001,
    0.001,
    0.001,
    0.0005,
    0.0005,
    0.0005,
    0.0005,
    0.0005,
    0.0005,
    0.0005,
    0.0005,
    0.0005,
    0.0005,
    0.0005,
    0.00025,
    0.00025,
    0.00025,
    0.00025,
    0.00025,
    0.00025,
    0.000125
  ]
}