{
  "random_forest": {
    "train_accuracy": 1.0,
    "val_accuracy": 0.6306068601583114,
    "test_accuracy": 0.6210526315789474,
    "overfitting": 0.36939313984168864,
    "classification_report": {
      "cardboard": {
        "precision": 0.8,
        "recall": 0.6666666666666666,
        "f1-score": 0.7272727272727272,
        "support": 60.0
      },
      "glass": {
        "precision": 0.5041322314049587,
        "recall": 0.8026315789473685,
        "f1-score": 0.6192893401015228,
        "support": 76.0
      },
      "metal": {
        "precision": 0.6170212765957447,
        "recall": 0.46774193548387094,
        "f1-score": 0.5321100917431193,
        "support": 62.0
      },
      "paper": {
        "precision": 0.6509433962264151,
        "recall": 0.7752808988764045,
        "f1-score": 0.7076923076923077,
        "support": 89.0
      },
      "plastic": {
        "precision": 0.6545454545454545,
        "recall": 0.4931506849315068,
        "f1-score": 0.5625,
        "support": 73.0
      },
      "trash": {
        "precision": 1.0,
        "recall": 0.05,
        "f1-score": 0.09523809523809523,
        "support": 20.0
      },
      "accuracy": 0.6210526315789474,
      "macro avg": {
        "precision": 0.7044403931287623,
        "recall": 0.5425786274843029,
        "f1-score": 0.5406837603412954,
        "support": 380.0
      },
      "weighted avg": {
        "precision": 0.6586451294254794,
        "recall": 0.6210526315789474,
        "f1-score": 0.6043290959513948,
        "support": 380.0
      }
    },
    "confusion_matrix": [
      [
        40,
        5,
        2,
        9,
        4,
        0
      ],
      [
        3,
        61,
        5,
        2,
        5,
        0
      ],
      [
        0,
        25,
        29,
        4,
        4,
        0
      ],
      [
        6,
        6,
        4,
        69,
        4,
        0
      ],
      [
        0,
        18,
        6,
        13,
        36,
        0
      ],
      [
        1,
        6,
        1,
        9,
        2,
        1
      ]
    ]
  },
  "xgboost": {
    "train_accuracy": 1.0,
    "val_accuracy": 0.6411609498680739,
    "test_accuracy": 0.6368421052631579,
    "overfitting": 0.3588390501319261,
    "classification_report": {
      "cardboard": {
        "precision": 0.78125,
        "recall": 0.8333333333333334,
        "f1-score": 0.8064516129032259,
        "support": 60.0
      },
      "glass": {
        "precision": 0.5686274509803921,
        "recall": 0.7631578947368421,
        "f1-score": 0.651685393258427,
        "support": 76.0
      },
      "metal": {
        "precision": 0.5454545454545454,
        "recall": 0.5806451612903226,
        "f1-score": 0.5625,
        "support": 62.0
      },
      "paper": {
        "precision": 0.6951219512195121,
        "recall": 0.6404494382022472,
        "f1-score": 0.6666666666666666,
        "support": 89.0
      },
      "plastic": {
        "precision": 0.6166666666666667,
        "recall": 0.5068493150684932,
        "f1-score": 0.5563909774436091,
        "support": 73.0
      },
      "trash": {
        "precision": 0.6666666666666666,
        "recall": 0.2,
        "f1-score": 0.30769230769230765,
        "support": 20.0
      },
      "accuracy": 0.6368421052631579,
      "macro avg": {
        "precision": 0.6456312134979638,
        "recall": 0.5874058571052064,
        "f1-score": 0.5918978263273726,
        "support": 380.0
      },
      "weighted avg": {
        "precision": 0.6424334782927057,
        "recall": 0.6368421052631579,
        "f1-score": 0.6286681776378867,
        "support": 380.0
      }
    },
    "confusion_matrix": [
      [
        50,
        2,
        2,
        5,
        1,
        0
      ],
      [
        1,
        58,
        8,
        3,
        6,
        0
      ],
      [
        0,
        18,
        36,
        1,
        6,
        1
      ],
      [
        8,
        8,
        7,
        57,
        8,
        1
      ],
      [
        2,
        13,
        10,
        11,
        37,
        0
      ],
      [
        3,
        3,
        3,
        5,
        2,
        4
      ]
    ]
  },
  "lightgbm": {
    "train_accuracy": 1.0,
    "val_accuracy": 0.6543535620052771,
    "test_accuracy": 0.631578947368421,
    "overfitting": 0.34564643799472294,
    "classification_report": {
      "cardboard": {
        "precision": 0.7619047619047619,
        "recall": 0.8,
        "f1-score": 0.7804878048780488,
        "support": 60.0
      },
      "glass": {
        "precision": 0.5428571428571428,
        "recall": 0.75,
        "f1-score": 0.6298342541436465,
        "support": 76.0
      },
      "metal": {
        "precision": 0.5714285714285714,
        "recall": 0.6451612903225806,
        "f1-score": 0.606060606060606,
        "support": 62.0
      },
      "paper": {
        "precision": 0.7307692307692307,
        "recall": 0.6404494382022472,
        "f1-score": 0.6826347305389221,
        "support": 89.0
      },
      "plastic": {
        "precision": 0.576271186440678,
        "recall": 0.4657534246575342,
        "f1-score": 0.5151515151515152,
        "support": 73.0
      },
      "trash": {
        "precision": 0.8,
        "recall": 0.2,
        "f1-score": 0.32000000000000006,
        "support": 20.0
      },
      "accuracy": 0.631578947368421,
      "macro avg": {
        "precision": 0.6638718155667308,
        "recall": 0.5835606921970604,
        "f1-score": 0.5890281517954564,
        "support": 380.0
      },
      "weighted avg": {
        "precision": 0.6460691003911343,
        "recall": 0.631578947368421,
        "f1-score": 0.6237710021246903,
        "support": 380.0
      }
    },
    "confusion_matrix": [
      [
        48,
        1,
        2,
        6,
        3,
        0
      ],
      [
        3,
        57,
        7,
        2,
        7,
        0
      ],
      [
        0,
        18,
        40,
        1,
        3,
        0
      ],
      [
        6,
        7,
        7,
        57,
        11,
        1
      ],
      [
        3,
        19,
        11,
        6,
        34,
        0
      ],
      [
        3,
        3,
        3,
        6,
        1,
        4
      ]
    ]
  },
  "voting": {
    "train_accuracy": 1.0,
    "val_accuracy": 0.6490765171503958,
    "test_accuracy": 0.6526315789473685,
    "overfitting": 0.3509234828496042,
    "classification_report": {
      "cardboard": {
        "precision": 0.7704918032786885,
        "recall": 0.7833333333333333,
        "f1-score": 0.7768595041322314,
        "support": 60.0
      },
      "glass": {
        "precision": 0.5769230769230769,
        "recall": 0.7894736842105263,
        "f1-score": 0.6666666666666666,
        "support": 76.0
      },
      "metal": {
        "precision": 0.6029411764705882,
        "recall": 0.6612903225806451,
        "f1-score": 0.6307692307692307,
        "support": 62.0
      },
      "paper": {
        "precision": 0.7317073170731707,
        "recall": 0.6741573033707865,
        "f1-score": 0.7017543859649121,
        "support": 89.0
      },
      "plastic": {
        "precision": 0.6,
        "recall": 0.4931506849315068,
        "f1-score": 0.5413533834586466,
        "support": 73.0
      },
      "trash": {
        "precision": 0.8,
        "recall": 0.2,
        "f1-score": 0.32000000000000006,
        "support": 20.0
      },
      "accuracy": 0.6526315789473685,
      "macro avg": {
        "precision": 0.6803438956242541,
        "recall": 0.6002342214044664,
        "f1-score": 0.6062338618319479,
        "support": 380.0
      },
      "weighted avg": {
        "precision": 0.6641578057988521,
        "recall": 0.6526315789473685,
        "f1-score": 0.644107543593819,
        "support": 380.0
      }
    },