{"accuracy": [0.1949109435081482, 0.20254452526569366, 0.17353689670562744, 0.19338423013687134, 0.1786259561777115, 0.19643765687942505, 0.21272264420986176, 0.19745546579360962, 0.21526718139648438], "loss": [1.886747121810913, 1.874456524848938, 1.883935809135437, 1.8762863874435425, 1.8915818929672241, 1.8643286228179932, 1.8382010459899902, 1.8343974351882935, 1.819531798362732], "val_accuracy": [0.14523810148239136, 0.1785714328289032, 0.1785714328289032, 0.21190476417541504, 0.1428571492433548, 0.21190476417541504, 0.1785714328289032, 0.14523810148239136, 0.17380952835083008], "val_loss": [1.7967472076416016, 1.7986646890640259, 1.7943480014801025, 1.7826788425445557, 1.792349100112915, 1.7853832244873047, 1.7934870719909668, 1.7935622930526733, 1.795661449432373]}