{"accuracy": [0.5328244566917419, 0.7755725383758545, 0.8575063347816467, 0.8966920971870422, 0.9297710061073303, 0.9465649127960205], "loss": [1.2353607416152954, 0.6146950721740723, 0.41128385066986084, 0.305979460477829, 0.2256256490945816, 0.17927776277065277], "val_accuracy": [0.42619046568870544, 0.3738095164299011, 0.3380952477455139, 0.3738095164299011, 0.31904762983322144, 0.3928571343421936], "val_loss": [1.708760142326355, 1.972259283065796, 2.504610538482666, 2.4841830730438232, 3.2879409790039062, 2.6923558712005615]}