{"accuracy": [0.30585241317749023, 0.39440202713012695, 0.47022899985313416, 0.5033078789710999, 0.5424936413764954, 0.5811704993247986, 0.6152671575546265, 0.6340966820716858, 0.6885496377944946, 0.7114503979682922], "loss": [1.7114630937576294, 1.53571617603302, 1.3642401695251465, 1.315965175628662, 1.2116643190383911, 1.1214913129806519, 1.0682469606399536, 0.9845744371414185, 0.8621411919593811, 0.8048967123031616], "val_accuracy": [0.18571428954601288, 0.26428571343421936, 0.2976190447807312, 0.3166666626930237, 0.3857142925262451, 0.4119047522544861, 0.3642857074737549, 0.3857142925262451, 0.4285714328289032, 0.4476190507411957], "val_loss": [1.8508212566375732, 1.7460564374923706, 2.01149845123291, 1.7105464935302734, 1.7308475971221924, 1.8776801824569702, 2.534836530685425, 2.201786994934082, 2.085005760192871, 1.9959557056427002]}