{"accuracy": [0.3857506215572357, 0.6111959218978882, 0.6844783425331116, 0.7491093873977661, 0.796437680721283, 0.8167939186096191, 0.8539440035820007, 0.879898190498352, 0.899745523929596, 0.9129770994186401], "loss": [1.5505354404449463, 1.0498422384262085, 0.8342361450195312, 0.7143029570579529, 0.5759493708610535, 0.4960305094718933, 0.40628543496131897, 0.346311092376709, 0.2867065370082855, 0.2519824802875519], "val_accuracy": [0.5571428537368774, 0.6452381014823914, 0.711904764175415, 0.7428571581840515, 0.75, 0.7595238089561462, 0.7523809671401978, 0.7928571701049805, 0.7952380776405334, 0.800000011920929], "val_loss": [1.240942358970642, 0.9227036833763123, 0.7913778424263, 0.7716557383537292, 0.6857218146324158, 0.7428455948829651, 0.7561689019203186, 0.6577791571617126, 0.6539821028709412, 0.6396298408508301]}