{
  "accuracy_val": 0.23031496062992127,
  "train_accuracy": 0.18514852225780487,
  "val_accuracy": 0.2303149551153183,
  "overfitting_gap_percent": 4.516643285751343,
  "precision_per_class": [
    0.05405405405405406,
    0.14285714285714285,
    0.26605504587155965,
    0.26126126126126126,
    0.23076923076923078,
    0.0
  ],
  "recall_per_class": [
    0.024691358024691357,
    0.06930693069306931,
    0.35365853658536583,
    0.48739495798319327,
    0.21649484536082475,
    0.0
  ],
  "f1_per_class": [
    0.03389830508474576,
    0.09333333333333334,
    0.3036649214659686,
    0.34017595307917886,
    0.22340425531914893,
    0.0
  ],
  "support_per_class": [
    81,
    101,
    82,
    119,
    97,
    28
  ],
  "class_names": [
    "cardboard",
    "glass",
    "metal",
    "paper",
    "plastic",
    "trash"
  ]
}